id,file
64,chunk_0.csv
831,chunk_0.csv
1262,chunk_0.csv
1264,chunk_0.csv
1266,chunk_0.csv
1267,chunk_0.csv
1269,chunk_0.csv
1275,chunk_0.csv
1281,chunk_0.csv
1283,chunk_0.csv
1284,chunk_0.csv
1286,chunk_0.csv
1287,chunk_0.csv
1290,chunk_0.csv
1292,chunk_0.csv
1293,chunk_0.csv
1297,chunk_0.csv
1299,chunk_0.csv
1305,chunk_0.csv
1308,chunk_0.csv
1310,chunk_0.csv
1311,chunk_0.csv
1314,chunk_0.csv
1317,chunk_0.csv
1321,chunk_0.csv
1324,chunk_0.csv
1326,chunk_0.csv
1327,chunk_0.csv
1329,chunk_0.csv
1330,chunk_0.csv
1331,chunk_0.csv
1335,chunk_0.csv
1336,chunk_0.csv
1339,chunk_0.csv
1340,chunk_0.csv
1347,chunk_0.csv
1349,chunk_0.csv
1350,chunk_0.csv
1351,chunk_0.csv
1354,chunk_0.csv
1355,chunk_0.csv
1356,chunk_0.csv
1362,chunk_0.csv
1363,chunk_0.csv
1367,chunk_0.csv
1370,chunk_0.csv
1373,chunk_0.csv
1375,chunk_0.csv
1376,chunk_0.csv
1379,chunk_0.csv
1381,chunk_0.csv
1383,chunk_0.csv
1386,chunk_0.csv
1393,chunk_0.csv
1398,chunk_0.csv
1401,chunk_0.csv
1407,chunk_0.csv
1412,chunk_0.csv
1414,chunk_0.csv
1417,chunk_0.csv
1418,chunk_0.csv
1421,chunk_0.csv
1423,chunk_0.csv
1424,chunk_0.csv
1425,chunk_0.csv
1428,chunk_0.csv
1430,chunk_0.csv
1432,chunk_0.csv
1434,chunk_0.csv
1435,chunk_0.csv
1444,chunk_0.csv
1445,chunk_0.csv
1446,chunk_0.csv
1447,chunk_0.csv
1451,chunk_0.csv
1466,chunk_0.csv
1491,chunk_0.csv
1493,chunk_0.csv
1520,chunk_0.csv
1521,chunk_0.csv
1522,chunk_0.csv
1632,chunk_0.csv
1644,chunk_0.csv
1791,chunk_0.csv
1827,chunk_0.csv
2711,chunk_0.csv
2712,chunk_0.csv
2713,chunk_0.csv
2714,chunk_0.csv
2718,chunk_0.csv
2721,chunk_0.csv
2726,chunk_0.csv
2730,chunk_0.csv
2731,chunk_0.csv
2732,chunk_0.csv
2733,chunk_0.csv
2734,chunk_0.csv
2739,chunk_0.csv
2742,chunk_0.csv
2776,chunk_0.csv
2782,chunk_0.csv
2807,chunk_0.csv
2809,chunk_0.csv
2819,chunk_0.csv
2824,chunk_0.csv
2902,chunk_0.csv
2936,chunk_0.csv
1013,chunk_1.csv
1225,chunk_1.csv
1233,chunk_1.csv
1234,chunk_1.csv
1235,chunk_1.csv
1236,chunk_1.csv
1238,chunk_1.csv
1239,chunk_1.csv
1241,chunk_1.csv
1242,chunk_1.csv
1243,chunk_1.csv
1246,chunk_1.csv
1247,chunk_1.csv
1251,chunk_1.csv
1253,chunk_1.csv
1264,chunk_1.csv
1265,chunk_1.csv
1267,chunk_1.csv
1269,chunk_1.csv
1270,chunk_1.csv
1271,chunk_1.csv
1272,chunk_1.csv
1273,chunk_1.csv
1274,chunk_1.csv
1276,chunk_1.csv
1278,chunk_1.csv
1280,chunk_1.csv
1281,chunk_1.csv
1287,chunk_1.csv
1289,chunk_1.csv
1292,chunk_1.csv
1293,chunk_1.csv
1294,chunk_1.csv
1296,chunk_1.csv
1297,chunk_1.csv
1303,chunk_1.csv
1306,chunk_1.csv
1307,chunk_1.csv
1308,chunk_1.csv
1312,chunk_1.csv
1317,chunk_1.csv
1321,chunk_1.csv
1322,chunk_1.csv
1327,chunk_1.csv
1331,chunk_1.csv
1332,chunk_1.csv
1335,chunk_1.csv
1336,chunk_1.csv
1339,chunk_1.csv
1349,chunk_1.csv
1356,chunk_1.csv
1358,chunk_1.csv
1362,chunk_1.csv
1365,chunk_1.csv
1370,chunk_1.csv
1376,chunk_1.csv
1383,chunk_1.csv
1386,chunk_1.csv
1389,chunk_1.csv
1391,chunk_1.csv
1393,chunk_1.csv
1394,chunk_1.csv
1396,chunk_1.csv
1398,chunk_1.csv
1402,chunk_1.csv
1403,chunk_1.csv
1404,chunk_1.csv
1406,chunk_1.csv
1408,chunk_1.csv
1409,chunk_1.csv
1413,chunk_1.csv
1414,chunk_1.csv
1415,chunk_1.csv
1441,chunk_1.csv
1447,chunk_1.csv
1448,chunk_1.csv
1455,chunk_1.csv
1461,chunk_1.csv
1489,chunk_1.csv
1490,chunk_1.csv
1596,chunk_1.csv
1710,chunk_1.csv
1711,chunk_1.csv
2761,chunk_1.csv
2762,chunk_1.csv
2765,chunk_1.csv
2772,chunk_1.csv
2777,chunk_1.csv
2780,chunk_1.csv
2782,chunk_1.csv
2808,chunk_1.csv
2821,chunk_1.csv
2832,chunk_1.csv
2841,chunk_1.csv
2842,chunk_1.csv
2843,chunk_1.csv
2868,chunk_1.csv
2931,chunk_1.csv
2932,chunk_1.csv
2941,chunk_1.csv
2942,chunk_1.csv
2943,chunk_1.csv
2954,chunk_1.csv
661,chunk_2.csv
1262,chunk_2.csv
1264,chunk_2.csv
1267,chunk_2.csv
1272,chunk_2.csv
1273,chunk_2.csv
1274,chunk_2.csv
1276,chunk_2.csv
1279,chunk_2.csv
1280,chunk_2.csv
1283,chunk_2.csv
1285,chunk_2.csv
1286,chunk_2.csv
1287,chunk_2.csv
1289,chunk_2.csv
1290,chunk_2.csv
1291,chunk_2.csv
1294,chunk_2.csv
1295,chunk_2.csv
1296,chunk_2.csv
1297,chunk_2.csv
1298,chunk_2.csv
1304,chunk_2.csv
1306,chunk_2.csv
1307,chunk_2.csv
1308,chunk_2.csv
1311,chunk_2.csv
1312,chunk_2.csv
1315,chunk_2.csv
1316,chunk_2.csv
1317,chunk_2.csv
1320,chunk_2.csv
1322,chunk_2.csv
1323,chunk_2.csv
1327,chunk_2.csv
1328,chunk_2.csv
1334,chunk_2.csv
1336,chunk_2.csv
1338,chunk_2.csv
1344,chunk_2.csv
1345,chunk_2.csv
1346,chunk_2.csv
1347,chunk_2.csv
1348,chunk_2.csv
1357,chunk_2.csv
1358,chunk_2.csv
1359,chunk_2.csv
1363,chunk_2.csv
1365,chunk_2.csv
1367,chunk_2.csv
1373,chunk_2.csv
1379,chunk_2.csv
1382,chunk_2.csv
1384,chunk_2.csv
1389,chunk_2.csv
1390,chunk_2.csv
1391,chunk_2.csv
1393,chunk_2.csv
1395,chunk_2.csv
1401,chunk_2.csv
1413,chunk_2.csv
1419,chunk_2.csv
1420,chunk_2.csv
1422,chunk_2.csv
1424,chunk_2.csv
1430,chunk_2.csv
1435,chunk_2.csv
1458,chunk_2.csv
1461,chunk_2.csv
1474,chunk_2.csv
1614,chunk_2.csv
1626,chunk_2.csv
1730,chunk_2.csv
1761,chunk_2.csv
1775,chunk_2.csv
1782,chunk_2.csv
1783,chunk_2.csv
1784,chunk_2.csv
1785,chunk_2.csv
1786,chunk_2.csv
1787,chunk_2.csv
1788,chunk_2.csv
1789,chunk_2.csv
1790,chunk_2.csv
1791,chunk_2.csv
2236,chunk_2.csv
2268,chunk_2.csv
2422,chunk_2.csv
2427,chunk_2.csv
2428,chunk_2.csv
2521,chunk_2.csv
2595,chunk_2.csv
2596,chunk_2.csv
2597,chunk_2.csv
246,chunk_3.csv
756,chunk_3.csv
788,chunk_3.csv
827,chunk_3.csv
1222,chunk_3.csv
1223,chunk_3.csv
1227,chunk_3.csv
1229,chunk_3.csv
1231,chunk_3.csv
1233,chunk_3.csv
1234,chunk_3.csv
1236,chunk_3.csv
1241,chunk_3.csv
1242,chunk_3.csv
1251,chunk_3.csv
1252,chunk_3.csv
1253,chunk_3.csv
1258,chunk_3.csv
1259,chunk_3.csv
1261,chunk_3.csv
1263,chunk_3.csv
1265,chunk_3.csv
1266,chunk_3.csv
1268,chunk_3.csv
1273,chunk_3.csv
1274,chunk_3.csv
1278,chunk_3.csv
1279,chunk_3.csv
1281,chunk_3.csv
1282,chunk_3.csv
1284,chunk_3.csv
1285,chunk_3.csv
1286,chunk_3.csv
1288,chunk_3.csv
1293,chunk_3.csv
1295,chunk_3.csv
1296,chunk_3.csv
1299,chunk_3.csv
1304,chunk_3.csv
1308,chunk_3.csv
1310,chunk_3.csv
1311,chunk_3.csv
1315,chunk_3.csv
1316,chunk_3.csv
1318,chunk_3.csv
1319,chunk_3.csv
1320,chunk_3.csv
1321,chunk_3.csv
1322,chunk_3.csv
1326,chunk_3.csv
1328,chunk_3.csv
1331,chunk_3.csv
1332,chunk_3.csv
1336,chunk_3.csv
1338,chunk_3.csv
1342,chunk_3.csv
1343,chunk_3.csv
1344,chunk_3.csv
1347,chunk_3.csv
1348,chunk_3.csv
1350,chunk_3.csv
1351,chunk_3.csv
1352,chunk_3.csv
1357,chunk_3.csv
1360,chunk_3.csv
1363,chunk_3.csv
1364,chunk_3.csv
1367,chunk_3.csv
1368,chunk_3.csv
1369,chunk_3.csv
1371,chunk_3.csv
1373,chunk_3.csv
1378,chunk_3.csv
1381,chunk_3.csv
1382,chunk_3.csv
1383,chunk_3.csv
1388,chunk_3.csv
1393,chunk_3.csv
1394,chunk_3.csv
1401,chunk_3.csv
1402,chunk_3.csv
1403,chunk_3.csv
1405,chunk_3.csv
1407,chunk_3.csv
1412,chunk_3.csv
1413,chunk_3.csv
1417,chunk_3.csv
1418,chunk_3.csv
1442,chunk_3.csv
1485,chunk_3.csv
2723,chunk_3.csv
2726,chunk_3.csv
2727,chunk_3.csv
2728,chunk_3.csv
2729,chunk_3.csv
2731,chunk_3.csv
2732,chunk_3.csv
2737,chunk_3.csv
2740,chunk_3.csv
2785,chunk_3.csv
2819,chunk_3.csv
2820,chunk_3.csv
2821,chunk_3.csv
2829,chunk_3.csv
2830,chunk_3.csv
2831,chunk_3.csv
2834,chunk_3.csv
100,chunk_4.csv
544,chunk_4.csv
1241,chunk_4.csv
1242,chunk_4.csv
1244,chunk_4.csv
1248,chunk_4.csv
1249,chunk_4.csv
1250,chunk_4.csv
1255,chunk_4.csv
1260,chunk_4.csv
1263,chunk_4.csv
1266,chunk_4.csv
1267,chunk_4.csv
1271,chunk_4.csv
1275,chunk_4.csv
1287,chunk_4.csv
1288,chunk_4.csv
1289,chunk_4.csv
1290,chunk_4.csv
1292,chunk_4.csv
1294,chunk_4.csv
1296,chunk_4.csv
1299,chunk_4.csv
1305,chunk_4.csv
1306,chunk_4.csv
1307,chunk_4.csv
1311,chunk_4.csv
1315,chunk_4.csv
1319,chunk_4.csv
1320,chunk_4.csv
1323,chunk_4.csv
1326,chunk_4.csv
1327,chunk_4.csv
1328,chunk_4.csv
1331,chunk_4.csv
1332,chunk_4.csv
1333,chunk_4.csv
1337,chunk_4.csv
1340,chunk_4.csv
1341,chunk_4.csv
1342,chunk_4.csv
1343,chunk_4.csv
1345,chunk_4.csv
1348,chunk_4.csv
1354,chunk_4.csv
1358,chunk_4.csv
1360,chunk_4.csv
1361,chunk_4.csv
1362,chunk_4.csv
1366,chunk_4.csv
1368,chunk_4.csv
1369,chunk_4.csv
1371,chunk_4.csv
1385,chunk_4.csv
1392,chunk_4.csv
1394,chunk_4.csv
1400,chunk_4.csv
1405,chunk_4.csv
1407,chunk_4.csv
1408,chunk_4.csv
1409,chunk_4.csv
1411,chunk_4.csv
1412,chunk_4.csv
1414,chunk_4.csv
1437,chunk_4.csv
1446,chunk_4.csv
1483,chunk_4.csv
1599,chunk_4.csv
1600,chunk_4.csv
1601,chunk_4.csv
1705,chunk_4.csv
1746,chunk_4.csv
2399,chunk_4.csv
2532,chunk_4.csv
2721,chunk_4.csv
2756,chunk_4.csv
2757,chunk_4.csv
2758,chunk_4.csv
2759,chunk_4.csv
2764,chunk_4.csv
2768,chunk_4.csv
2769,chunk_4.csv
2772,chunk_4.csv
2777,chunk_4.csv
2780,chunk_4.csv
2787,chunk_4.csv
2789,chunk_4.csv
2790,chunk_4.csv
2856,chunk_4.csv
2869,chunk_4.csv
108,chunk_5.csv
763,chunk_5.csv
1011,chunk_5.csv
1050,chunk_5.csv
1258,chunk_5.csv
1259,chunk_5.csv
1263,chunk_5.csv
1264,chunk_5.csv
1265,chunk_5.csv
1266,chunk_5.csv
1267,chunk_5.csv
1268,chunk_5.csv
1269,chunk_5.csv
1271,chunk_5.csv
1273,chunk_5.csv
1275,chunk_5.csv
1277,chunk_5.csv
1279,chunk_5.csv
1282,chunk_5.csv
1283,chunk_5.csv
1285,chunk_5.csv
1287,chunk_5.csv
1288,chunk_5.csv
1289,chunk_5.csv
1294,chunk_5.csv
1295,chunk_5.csv
1300,chunk_5.csv
1301,chunk_5.csv
1305,chunk_5.csv
1308,chunk_5.csv
1311,chunk_5.csv
1316,chunk_5.csv
1317,chunk_5.csv
1322,chunk_5.csv
1330,chunk_5.csv
1332,chunk_5.csv
1334,chunk_5.csv
1336,chunk_5.csv
1338,chunk_5.csv
1343,chunk_5.csv
1345,chunk_5.csv
1346,chunk_5.csv
1349,chunk_5.csv
1355,chunk_5.csv
1357,chunk_5.csv
1358,chunk_5.csv
1359,chunk_5.csv
1360,chunk_5.csv
1361,chunk_5.csv
1362,chunk_5.csv
1365,chunk_5.csv
1367,chunk_5.csv
1369,chunk_5.csv
1375,chunk_5.csv
1377,chunk_5.csv
1380,chunk_5.csv
1381,chunk_5.csv
1384,chunk_5.csv
1385,chunk_5.csv
1387,chunk_5.csv
1389,chunk_5.csv
1392,chunk_5.csv
1396,chunk_5.csv
1399,chunk_5.csv
1401,chunk_5.csv
1410,chunk_5.csv
1411,chunk_5.csv
1416,chunk_5.csv
1418,chunk_5.csv
1425,chunk_5.csv
1426,chunk_5.csv
1427,chunk_5.csv
1428,chunk_5.csv
1429,chunk_5.csv
1431,chunk_5.csv
1432,chunk_5.csv
1433,chunk_5.csv
1438,chunk_5.csv
1439,chunk_5.csv
1440,chunk_5.csv
1441,chunk_5.csv
1449,chunk_5.csv
1451,chunk_5.csv
1525,chunk_5.csv
1528,chunk_5.csv
1632,chunk_5.csv
1641,chunk_5.csv
1774,chunk_5.csv
1777,chunk_5.csv
1784,chunk_5.csv
1785,chunk_5.csv
1790,chunk_5.csv
1913,chunk_5.csv
1915,chunk_5.csv
1944,chunk_5.csv
2529,chunk_5.csv
2535,chunk_5.csv
2541,chunk_5.csv
2545,chunk_5.csv
2547,chunk_5.csv
2635,chunk_5.csv
2637,chunk_5.csv
2692,chunk_5.csv
2819,chunk_5.csv
176,chunk_6.csv
261,chunk_6.csv
1083,chunk_6.csv
1263,chunk_6.csv
1269,chunk_6.csv
1274,chunk_6.csv
1275,chunk_6.csv
1280,chunk_6.csv
1284,chunk_6.csv
1293,chunk_6.csv
1294,chunk_6.csv
1302,chunk_6.csv
1305,chunk_6.csv
1306,chunk_6.csv
1308,chunk_6.csv
1311,chunk_6.csv
1312,chunk_6.csv
1313,chunk_6.csv
1319,chunk_6.csv
1320,chunk_6.csv
1321,chunk_6.csv
1322,chunk_6.csv
1326,chunk_6.csv
1331,chunk_6.csv
1333,chunk_6.csv
1335,chunk_6.csv
1336,chunk_6.csv
1339,chunk_6.csv
1340,chunk_6.csv
1342,chunk_6.csv
1344,chunk_6.csv
1345,chunk_6.csv
1350,chunk_6.csv
1351,chunk_6.csv
1356,chunk_6.csv
1358,chunk_6.csv
1361,chunk_6.csv
1369,chunk_6.csv
1371,chunk_6.csv
1373,chunk_6.csv
1374,chunk_6.csv
1375,chunk_6.csv
1380,chunk_6.csv
1383,chunk_6.csv
1392,chunk_6.csv
1398,chunk_6.csv
1399,chunk_6.csv
1402,chunk_6.csv
1405,chunk_6.csv
1409,chunk_6.csv
1411,chunk_6.csv
1415,chunk_6.csv
1421,chunk_6.csv
1423,chunk_6.csv
1424,chunk_6.csv
1426,chunk_6.csv
1427,chunk_6.csv
1429,chunk_6.csv
1431,chunk_6.csv
1432,chunk_6.csv
1434,chunk_6.csv
1435,chunk_6.csv
1438,chunk_6.csv
1439,chunk_6.csv
1440,chunk_6.csv
1441,chunk_6.csv
1475,chunk_6.csv
1481,chunk_6.csv
1484,chunk_6.csv
1621,chunk_6.csv
1623,chunk_6.csv
1630,chunk_6.csv
1635,chunk_6.csv
1880,chunk_6.csv
1934,chunk_6.csv
2437,chunk_6.csv
2438,chunk_6.csv
2443,chunk_6.csv
2444,chunk_6.csv
2445,chunk_6.csv
2447,chunk_6.csv
2449,chunk_6.csv
2450,chunk_6.csv
2451,chunk_6.csv
2457,chunk_6.csv
2458,chunk_6.csv
2462,chunk_6.csv
2463,chunk_6.csv
2465,chunk_6.csv
2472,chunk_6.csv
2526,chunk_6.csv
2527,chunk_6.csv
2528,chunk_6.csv
2609,chunk_6.csv
2612,chunk_6.csv
3001,chunk_6.csv
1261,chunk_7.csv
1263,chunk_7.csv
1264,chunk_7.csv
1267,chunk_7.csv
1270,chunk_7.csv
1271,chunk_7.csv
1272,chunk_7.csv
1276,chunk_7.csv
1279,chunk_7.csv
1283,chunk_7.csv
1285,chunk_7.csv
1287,chunk_7.csv
1291,chunk_7.csv
1293,chunk_7.csv
1295,chunk_7.csv
1299,chunk_7.csv
1302,chunk_7.csv
1304,chunk_7.csv
1306,chunk_7.csv
1310,chunk_7.csv
1311,chunk_7.csv
1312,chunk_7.csv
1314,chunk_7.csv
1317,chunk_7.csv
1321,chunk_7.csv
1322,chunk_7.csv
1326,chunk_7.csv
1330,chunk_7.csv
1332,chunk_7.csv
1333,chunk_7.csv
1335,chunk_7.csv
1337,chunk_7.csv
1340,chunk_7.csv
1341,chunk_7.csv
1347,chunk_7.csv
1351,chunk_7.csv
1354,chunk_7.csv
1356,chunk_7.csv
1360,chunk_7.csv
1361,chunk_7.csv
1363,chunk_7.csv
1368,chunk_7.csv
1372,chunk_7.csv
1374,chunk_7.csv
1375,chunk_7.csv
1376,chunk_7.csv
1379,chunk_7.csv
1383,chunk_7.csv
1384,chunk_7.csv
1393,chunk_7.csv
1394,chunk_7.csv
1396,chunk_7.csv
1398,chunk_7.csv
1400,chunk_7.csv
1401,chunk_7.csv
1402,chunk_7.csv
1406,chunk_7.csv
1409,chunk_7.csv
1411,chunk_7.csv
1414,chunk_7.csv
1417,chunk_7.csv
1418,chunk_7.csv
1429,chunk_7.csv
1432,chunk_7.csv
1442,chunk_7.csv
1444,chunk_7.csv
1446,chunk_7.csv
1448,chunk_7.csv
1483,chunk_7.csv
1486,chunk_7.csv
1625,chunk_7.csv
1785,chunk_7.csv
1786,chunk_7.csv
1789,chunk_7.csv
2816,chunk_7.csv
2819,chunk_7.csv
2820,chunk_7.csv
2821,chunk_7.csv
2823,chunk_7.csv
2828,chunk_7.csv
2832,chunk_7.csv
2837,chunk_7.csv
587,chunk_8.csv
699,chunk_8.csv
763,chunk_8.csv
1236,chunk_8.csv
1238,chunk_8.csv
1240,chunk_8.csv
1244,chunk_8.csv
1245,chunk_8.csv
1246,chunk_8.csv
1247,chunk_8.csv
1254,chunk_8.csv
1255,chunk_8.csv
1256,chunk_8.csv
1257,chunk_8.csv
1258,chunk_8.csv
1264,chunk_8.csv
1266,chunk_8.csv
1270,chunk_8.csv
1273,chunk_8.csv
1274,chunk_8.csv
1276,chunk_8.csv
1278,chunk_8.csv
1281,chunk_8.csv
1282,chunk_8.csv
1284,chunk_8.csv
1285,chunk_8.csv
1287,chunk_8.csv
1289,chunk_8.csv
1293,chunk_8.csv
1301,chunk_8.csv
1305,chunk_8.csv
1308,chunk_8.csv
1309,chunk_8.csv
1311,chunk_8.csv
1314,chunk_8.csv
1317,chunk_8.csv
1321,chunk_8.csv
1322,chunk_8.csv
1323,chunk_8.csv
1324,chunk_8.csv
1326,chunk_8.csv
1327,chunk_8.csv
1330,chunk_8.csv
1331,chunk_8.csv
1332,chunk_8.csv
1333,chunk_8.csv
1339,chunk_8.csv
1340,chunk_8.csv
1341,chunk_8.csv
1346,chunk_8.csv
1347,chunk_8.csv
1348,chunk_8.csv
1349,chunk_8.csv
1350,chunk_8.csv
1352,chunk_8.csv
1356,chunk_8.csv
1357,chunk_8.csv
1359,chunk_8.csv
1362,chunk_8.csv
1369,chunk_8.csv
1370,chunk_8.csv
1374,chunk_8.csv
1376,chunk_8.csv
1377,chunk_8.csv
1380,chunk_8.csv
1382,chunk_8.csv
1383,chunk_8.csv
1385,chunk_8.csv
1386,chunk_8.csv
1387,chunk_8.csv
1389,chunk_8.csv
1393,chunk_8.csv
1397,chunk_8.csv
1398,chunk_8.csv
1399,chunk_8.csv
1401,chunk_8.csv
1405,chunk_8.csv
1407,chunk_8.csv
1408,chunk_8.csv
1413,chunk_8.csv
1415,chunk_8.csv
1416,chunk_8.csv
1419,chunk_8.csv
1420,chunk_8.csv
1422,chunk_8.csv
1423,chunk_8.csv
1459,chunk_8.csv
1460,chunk_8.csv
1461,chunk_8.csv
1492,chunk_8.csv
1501,chunk_8.csv
1504,chunk_8.csv
1606,chunk_8.csv
1611,chunk_8.csv
1613,chunk_8.csv
1614,chunk_8.csv
1616,chunk_8.csv
1714,chunk_8.csv
1715,chunk_8.csv
1743,chunk_8.csv
1755,chunk_8.csv
2773,chunk_8.csv
2774,chunk_8.csv
2776,chunk_8.csv
2779,chunk_8.csv
2782,chunk_8.csv
2783,chunk_8.csv
2784,chunk_8.csv
2787,chunk_8.csv
2788,chunk_8.csv
2799,chunk_8.csv
2800,chunk_8.csv
2854,chunk_8.csv
2948,chunk_8.csv
231,chunk_9.csv
477,chunk_9.csv
924,chunk_9.csv
1250,chunk_9.csv
1254,chunk_9.csv
1257,chunk_9.csv
1259,chunk_9.csv
1260,chunk_9.csv
1266,chunk_9.csv
1269,chunk_9.csv
1271,chunk_9.csv
1272,chunk_9.csv
1274,chunk_9.csv
1275,chunk_9.csv
1278,chunk_9.csv
1279,chunk_9.csv
1280,chunk_9.csv
1291,chunk_9.csv
1293,chunk_9.csv
1294,chunk_9.csv
1298,chunk_9.csv
1300,chunk_9.csv
1303,chunk_9.csv
1304,chunk_9.csv
1306,chunk_9.csv
1312,chunk_9.csv
1315,chunk_9.csv
1316,chunk_9.csv
1318,chunk_9.csv
1319,chunk_9.csv
1322,chunk_9.csv
1326,chunk_9.csv
1330,chunk_9.csv
1335,chunk_9.csv
1349,chunk_9.csv
1351,chunk_9.csv
1357,chunk_9.csv
1358,chunk_9.csv
1359,chunk_9.csv
1363,chunk_9.csv
1365,chunk_9.csv
1371,chunk_9.csv
1375,chunk_9.csv
1377,chunk_9.csv
1380,chunk_9.csv
1382,chunk_9.csv
1384,chunk_9.csv
1386,chunk_9.csv
1387,chunk_9.csv
1389,chunk_9.csv
1396,chunk_9.csv
1397,chunk_9.csv
1402,chunk_9.csv
1403,chunk_9.csv
1404,chunk_9.csv
1407,chunk_9.csv
1409,chunk_9.csv
1412,chunk_9.csv
1414,chunk_9.csv
1415,chunk_9.csv
1419,chunk_9.csv
1421,chunk_9.csv
1460,chunk_9.csv
1601,chunk_9.csv
1713,chunk_9.csv
1714,chunk_9.csv
1745,chunk_9.csv
1760,chunk_9.csv
2779,chunk_9.csv
2782,chunk_9.csv
2788,chunk_9.csv
2791,chunk_9.csv
2794,chunk_9.csv
2796,chunk_9.csv
2798,chunk_9.csv
2800,chunk_9.csv
2801,chunk_9.csv
2804,chunk_9.csv
2805,chunk_9.csv
2842,chunk_9.csv
2843,chunk_9.csv
2849,chunk_9.csv
2855,chunk_9.csv
2885,chunk_9.csv
2887,chunk_9.csv
2897,chunk_9.csv
